,date,favorites,geo,hashtags,id,mentions,permalink,retweets,text,username
0,2019-12-21 04:44:24+00:00,1.0,,,1208246817479155712,,https://twitter.com/OxfordPolice/status/1208246817479155712,0.0,"22:37 Reported Accident at/near , ,",OxfordPolice
1,2019-12-20 22:50:21+00:00,1.0,,,1208157721037553664,,https://twitter.com/OxfordPolice/status/1208157721037553664,0.0,"16:40 Reported Accident at/near , , MS HWY 30 EAST",OxfordPolice
2,2019-12-20 18:20:19+00:00,0.0,,,1208089765352017920,,https://twitter.com/OxfordPolice/status/1208089765352017920,0.0,"12:09 Reported Accident at/near WALMART , 2530 , JACKSON AVE WEST",OxfordPolice
3,2019-12-20 18:04:19+00:00,1.0,,,1208085736928489472,,https://twitter.com/OxfordPolice/status/1208085736928489472,0.0,"11:55 Reported Accident at/near VOGUE HAIR FASHIONS , 306 , JACKSON AVE EAST",OxfordPolice
4,2019-12-20 16:35:18+00:00,0.0,,,1208063334718812161,,https://twitter.com/OxfordPolice/status/1208063334718812161,0.0,"10:27 Reported Accident at/near , 3004 , SOUTH LAMAR BLVD",OxfordPolice
5,2019-12-20 14:15:26+00:00,74.0,,,1208028136920752129,@OxfordSDpic,https://twitter.com/OxfordPolice/status/1208028136920752129,2.0,Best SRO’s in the land! Merry Christmas @OxfordSDpic.twitter.com/hfvqhfpUf6,OxfordPolice
6,2019-12-20 02:27:58+00:00,1.0,,,1207850095829569536,,https://twitter.com/OxfordPolice/status/1207850095829569536,0.0,pic.twitter.com/Cw9FK6CqF3,OxfordPolice
7,2019-12-20 01:31:27+00:00,4.0,,,1207835874509172736,,https://twitter.com/OxfordPolice/status/1207835874509172736,0.0,pic.twitter.com/lqplapV1OC,OxfordPolice
8,2019-12-20 01:29:42+00:00,12.0,,#CrimeDoesNotPay,1207835431552856064,@OxfordEagle,https://twitter.com/OxfordPolice/status/1207835431552856064,1.0,Head over to the @OxfordEagle's website to checkout our busy week. #CrimeDoesNotPay http://www.oxfordeagle.com pic.twitter.com/MlCWhJdbjT,OxfordPolice
9,2019-12-20 00:16:24+00:00,0.0,,,1207816987495292928,,https://twitter.com/OxfordPolice/status/1207816987495292928,0.0,Please be cautious in the Hwy 7 and South Lamar area. Traffic is backed up.https://twitter.com/OxfordPolice/status/1207811906628657153 …,OxfordPolice
10,2019-12-19 23:56:13+00:00,0.0,,,1207811906628657153,,https://twitter.com/OxfordPolice/status/1207811906628657153,0.0,"17:44 Reported Accident at/near , , MS HWY 7 SOUTH",OxfordPolice
11,2019-12-19 23:06:12+00:00,0.0,,,1207799321216913417,,https://twitter.com/OxfordPolice/status/1207799321216913417,0.0,"16:54 Reported Accident at/near PROUD LARRY'S , 211 , SOUTH LAMAR BLVD",OxfordPolice
12,2019-12-19 20:21:07+00:00,5.0,,,1207757776585396224,,https://twitter.com/OxfordPolice/status/1207757776585396224,0.0,pic.twitter.com/MEJitWoGQQ,OxfordPolice
13,2019-12-19 20:15:10+00:00,1.0,,,1207756280124911617,,https://twitter.com/OxfordPolice/status/1207756280124911617,0.0,"14:06 Reported Accident at/near BELK FORD INC , 447 , US 278 WEST",OxfordPolice
14,2019-12-19 19:11:28+00:00,24.0,,,1207740249465597953,,https://twitter.com/OxfordPolice/status/1207740249465597953,0.0,pic.twitter.com/MfePEFq4L3,OxfordPolice
15,2019-12-19 19:00:39+00:00,10.0,,,1207737525307097094,@ClayCromwell1,https://twitter.com/OxfordPolice/status/1207737525307097094,0.0,Congrats @ClayCromwell1!pic.twitter.com/Kc5h3UKMTo,OxfordPolice
16,2019-12-19 18:51:09+00:00,0.0,,,1207735136902688768,,https://twitter.com/OxfordPolice/status/1207735136902688768,0.0,"12:40 Reported Accident at/near , , UNIVERSITY AVE",OxfordPolice
17,2019-12-19 15:20:08+00:00,0.0,,,1207682029921411073,,https://twitter.com/OxfordPolice/status/1207682029921411073,0.0,"09:12 Reported Accident at/near , , WEST OXFORD LP",OxfordPolice
18,2019-12-19 15:15:07+00:00,1.0,,,1207680769180733442,,https://twitter.com/OxfordPolice/status/1207680769180733442,0.0,"09:06 Reported Accident at/near EDGAR BUILDING , 428 , NORTH LAMAR BLVD",OxfordPolice
19,2019-12-19 14:17:43+00:00,5.0,,,1207666322513027072,,https://twitter.com/OxfordPolice/status/1207666322513027072,0.0,ICYMI:https://twitter.com/OxfordPolice/status/1207373390530654208 …,OxfordPolice
20,2019-12-19 02:42:14+00:00,1.0,,,1207491299991064577,,https://twitter.com/OxfordPolice/status/1207491299991064577,0.0,"20:34 Reported Accident at/near OBY'S , 1931 , UNIVERSITY AVE",OxfordPolice
21,2019-12-19 00:35:24+00:00,1.0,,,1207459381476052992,,https://twitter.com/OxfordPolice/status/1207459381476052992,0.0,pic.twitter.com/lnEUGWnXXb,OxfordPolice
22,2019-12-18 23:28:54+00:00,22.0,,#MoralVictory,1207442645246722050,,https://twitter.com/OxfordPolice/status/1207442645246722050,0.0,Congrats Neal! It still wasn't no 49-10. #MoralVictory?pic.twitter.com/wIyoKRPkhZ,OxfordPolice
23,2019-12-18 22:36:12+00:00,0.0,,,1207429382249340928,,https://twitter.com/OxfordPolice/status/1207429382249340928,0.0,"16:29 Reported Accident at/near , , MOLLY BARR RD",OxfordPolice
24,2019-12-18 21:48:39+00:00,2.0,,,1207417418462769152,,https://twitter.com/OxfordPolice/status/1207417418462769152,0.0,pic.twitter.com/ccUKTrL2yb,OxfordPolice
25,2019-12-18 21:43:09+00:00,14.0,,#TeamSuperHen #VoteHenryhttps,1207416030412312576,@IamSuperHen,https://twitter.com/OxfordPolice/status/1207416030412312576,0.0,Absolutely! We definitely support @IamSuperHen #TeamSuperHen #VoteHenryhttps://twitter.com/mik_azy/status/1207415743454810112 …,OxfordPolice
26,2019-12-18 21:34:50+00:00,1.0,,,1207413938259935235,,https://twitter.com/OxfordPolice/status/1207413938259935235,0.0,pic.twitter.com/FP1DjlMW7z,OxfordPolice
27,2019-12-18 21:27:44+00:00,7.0,,,1207412151012536320,,https://twitter.com/OxfordPolice/status/1207412151012536320,4.0,"An hour left in the poll, if anybody would like to vote for your favorite PD account https://twitter.com/RebelNutt18/status/1207065771387555840 …",OxfordPolice
28,2019-12-18 19:49:10+00:00,1.0,,,1207387349065379843,,https://twitter.com/OxfordPolice/status/1207387349065379843,0.0,"13:37 Reported Accident at/near WALMART , 2530 , JACKSON AVE WEST",OxfordPolice
29,2019-12-18 19:34:27+00:00,5.0,,,1207383645578768397,@NealMcCready,https://twitter.com/OxfordPolice/status/1207383645578768397,1.0,"Even if we lose to @NealMcCready, we still helped Bailey save Christmas.https://twitter.com/OxfordPolice/status/1207373390530654208?s=20 …",OxfordPolice
30,2019-12-18 19:32:55+00:00,1.0,,,1207383256640962560,,https://twitter.com/OxfordPolice/status/1207383256640962560,0.0,Thank you!,OxfordPolice
31,2019-12-18 19:02:26+00:00,5.0,,,1207375588845129729,,https://twitter.com/OxfordPolice/status/1207375588845129729,0.0,Guess people will just have to watch the video to see if it was or was not you.,OxfordPolice
32,2019-12-18 18:59:31+00:00,4.0,,,1207374852631465986,,https://twitter.com/OxfordPolice/status/1207374852631465986,0.0,Hmm...pic.twitter.com/5FdQpzhDbd,OxfordPolice
33,2019-12-18 18:53:42+00:00,26.0,,#BaileySavedChristmashttps,1207373390530654208,@RobynTannehill @cityofoxford,https://twitter.com/OxfordPolice/status/1207373390530654208,10.0,"Bailey's gift got stolen from Santa's workshop! We needed his help to solve who stole Christmas Special thanks to @RobynTannehill, @cityofoxford, and Jo's Costume Shop! #BaileySavedChristmashttps://youtu.be/KQxSL6BAM3E",OxfordPolice
34,2019-12-18 17:19:09+00:00,0.0,,,1207349593853382656,,https://twitter.com/OxfordPolice/status/1207349593853382656,0.0,"11:09 Reported Accident at/near , , MS HWY 7 SOUTH",OxfordPolice
35,2019-12-18 16:51:08+00:00,0.0,,,1207342545526820864,,https://twitter.com/OxfordPolice/status/1207342545526820864,0.0,"10:43 Reported Accident at/near OXFORD WHEEL ESTATES , 913 , SOUTH 18TH STREET",OxfordPolice
36,2019-12-18 15:40:08+00:00,2.0,,,1207324674520158208,,https://twitter.com/OxfordPolice/status/1207324674520158208,0.0,"09:28 Reported Accident at/near OXFORD HIGH SCHOOL , 101 , CHARGER LOOP",OxfordPolice
37,2019-12-18 14:13:05+00:00,30.0,,,1207302767469092865,,https://twitter.com/OxfordPolice/status/1207302767469092865,0.0,"This rampage is getting out of control, we just have to be nearby to ensure you're okay.",OxfordPolice
38,2019-12-18 13:35:07+00:00,1.0,,,1207293212869697536,,https://twitter.com/OxfordPolice/status/1207293212869697536,0.0,"07:26 Reported Accident at/near , , US 278 WEST",OxfordPolice
39,2019-12-18 13:29:06+00:00,2.0,,,1207291701666156545,,https://twitter.com/OxfordPolice/status/1207291701666156545,0.0,"07:20 Reported Accident at/near , , US 278 EAST",OxfordPolice
40,2019-12-18 12:09:05+00:00,0.0,,,1207271564779180032,,https://twitter.com/OxfordPolice/status/1207271564779180032,1.0,"06:01 Reported Accident at/near , , STONE RD",OxfordPolice
41,2019-12-18 05:11:18+00:00,1.0,,,1207166426844409856,,https://twitter.com/OxfordPolice/status/1207166426844409856,0.0,"23:02 Reported Accident at/near , 281 , MS HWY 7 SOUTH",OxfordPolice
42,2019-12-18 01:28:17+00:00,1.0,,,1207110299486183433,,https://twitter.com/OxfordPolice/status/1207110299486183433,0.0,"19:18 Reported Accident at/near , , JACKSON AVE WEST",OxfordPolice
43,2019-12-18 00:28:16+00:00,3.0,,,1207095198108532736,,https://twitter.com/OxfordPolice/status/1207095198108532736,0.0,pic.twitter.com/MteguumypV,OxfordPolice
44,2019-12-18 00:27:46+00:00,0.0,,,1207095070144512001,,https://twitter.com/OxfordPolice/status/1207095070144512001,0.0,pic.twitter.com/yHP6xdCT9y,OxfordPolice
45,2019-12-18 00:08:02+00:00,16.0,,,1207090107154653184,,https://twitter.com/OxfordPolice/status/1207090107154653184,0.0,pic.twitter.com/elmvjaqpFE,OxfordPolice
46,2019-12-17 23:58:25+00:00,44.0,,#NotAFan,1207087687108349952,,https://twitter.com/OxfordPolice/status/1207087687108349952,0.0,Neal shouldn't even be in this bracket #NotAFan,OxfordPolice
47,2019-12-17 23:55:40+00:00,1.0,,,1207086994033139717,,https://twitter.com/OxfordPolice/status/1207086994033139717,0.0,pic.twitter.com/gIEhWalqEO,OxfordPolice
48,2019-12-17 23:50:43+00:00,67.0,,,1207085748966580230,,https://twitter.com/OxfordPolice/status/1207085748966580230,1.0,"Come on Neal, we found out you don't have that kind of access.pic.twitter.com/OwOxyxzkAa",OxfordPolice
49,2019-12-17 22:58:32+00:00,48.0,,,1207072616395235333,,https://twitter.com/OxfordPolice/status/1207072616395235333,1.0,Being bald isn't a crime.,OxfordPolice
50,2019-12-17 22:53:34+00:00,19.0,,,1207071366282989568,,https://twitter.com/OxfordPolice/status/1207071366282989568,0.0,pic.twitter.com/xj1GnRaVuN,OxfordPolice
51,2019-12-17 22:47:07+00:00,35.0,,,1207069740281323521,,https://twitter.com/OxfordPolice/status/1207069740281323521,0.0,Must've had shrimp cocktails with the committee.,OxfordPolice
52,2019-12-17 22:32:48+00:00,141.0,,,1207066137625792512,@NealMcCready,https://twitter.com/OxfordPolice/status/1207066137625792512,2.0,We're against @NealMcCready? It won't be no 49-10.pic.twitter.com/hTPuBlSU6W – at Oxford Police Department,OxfordPolice
53,2019-12-17 19:12:07+00:00,4.0,,,1207015636049825792,,https://twitter.com/OxfordPolice/status/1207015636049825792,1.0,"Reminder: Today starting at 5 PM, parking in front of City Hall will be blocked off for the pep rally https://twitter.com/cityofoxford/status/1205600143761952769 …pic.twitter.com/UFq6zX1mvq",OxfordPolice
54,2019-12-17 17:51:54+00:00,13.0,,,1206995450135535620,,https://twitter.com/OxfordPolice/status/1206995450135535620,11.0,If you have any further information please call OPD at 662-232-2400pic.twitter.com/O2Cmbsxgm3,OxfordPolice
55,2019-12-17 17:05:55+00:00,24.0,,,1206983875060273154,,https://twitter.com/OxfordPolice/status/1206983875060273154,1.0,Santa dropped by Bramlett to say hello! Nice of him to make time for us between checking his list. pic.twitter.com/PQvfjUgnm8,OxfordPolice
56,2019-12-17 16:16:13+00:00,1.0,,,1206971367750541312,,https://twitter.com/OxfordPolice/status/1206971367750541312,1.0,"Our crime report from Monday, December 16th:pic.twitter.com/xzkRSxMAM9",OxfordPolice
57,2019-12-17 15:01:11+00:00,0.0,,,1206952484364795909,,https://twitter.com/OxfordPolice/status/1206952484364795909,1.0,"08:50 Reported Accident at/near , , HIGHWAY 30",OxfordPolice
58,2019-12-17 14:34:10+00:00,0.0,,,1206945686085947392,,https://twitter.com/OxfordPolice/status/1206945686085947392,0.0,"08:26 Reported Accident at/near , , MS HWY 7 SOUTH",OxfordPolice
59,2019-12-17 13:11:09+00:00,2.0,,,1206924794014371840,,https://twitter.com/OxfordPolice/status/1206924794014371840,1.0,"07:02 Reported Accident at/near , , CR 178",OxfordPolice
60,2019-12-17 10:00:16+00:00,2.0,,,1206876757929943041,,https://twitter.com/OxfordPolice/status/1206876757929943041,0.0,"03:52 Reported Accident at/near , , US 278 WEST",OxfordPolice
61,2019-12-16 23:38:11+00:00,0.0,,,1206720206229426176,,https://twitter.com/OxfordPolice/status/1206720206229426176,0.0,"17:26 Reported Accident at/near FOUR CORNERS CHEVRON , 502 , SOUTH LAMAR BLVD",OxfordPolice
62,2019-12-16 22:27:10+00:00,0.0,,,1206702335294156800,,https://twitter.com/OxfordPolice/status/1206702335294156800,0.0,"16:20 Reported Accident at/near OXFORD IM SCHOOL , 501 , MARTIN LUTHER KING JR DR",OxfordPolice
63,2019-12-16 20:56:19+00:00,74.0,,,1206679469378936839,,https://twitter.com/OxfordPolice/status/1206679469378936839,39.0,Spotted tornado near the 7/9 splithttps://twitter.com/JakeThompsonOE/status/1206679334758559744 …,OxfordPolice
64,2019-12-16 20:24:09+00:00,0.0,,,1206671374816874499,,https://twitter.com/OxfordPolice/status/1206671374816874499,1.0,"14:16 Reported Accident at/near OXFORD UNIVERSITY UNITED METHODIST CHURCH , 424 , SOUTH 10TH ST",OxfordPolice
65,2019-12-16 18:48:59+00:00,22.0,,,1206647426658045953,,https://twitter.com/OxfordPolice/status/1206647426658045953,2.0,"Badges has been keeping up with the weather today. Make sure y'all are keeping up with it and staying safe, as well!pic.twitter.com/6aHYSkHUK8 – at Oxford Police Department",OxfordPolice
66,2019-12-16 17:30:07+00:00,0.0,,,1206627579098210304,,https://twitter.com/OxfordPolice/status/1206627579098210304,0.0,"11:19 Reported Accident at/near FIRST NATIONAL BANK , 2149 , SOUTH LAMAR BLVD",OxfordPolice
67,2019-12-16 17:23:22+00:00,0.0,,,1206625882040877062,,https://twitter.com/OxfordPolice/status/1206625882040877062,0.0,We’ll be more than happy to take a report for you. Call our non-emergency line at 662-232-2400 and we’ll send an officer to you.,OxfordPolice
68,2019-12-16 16:57:44+00:00,1.0,,,1206619428244410368,,https://twitter.com/OxfordPolice/status/1206619428244410368,0.0,"Our crime report from the weekend, December 13th - 15th:pic.twitter.com/En91qgczgW",OxfordPolice
69,2019-12-16 16:11:40+00:00,1.0,,,1206607838107312128,,https://twitter.com/OxfordPolice/status/1206607838107312128,0.0,pic.twitter.com/4uBFfZc5MF,OxfordPolice
70,2019-12-16 13:29:50+00:00,3.0,,,1206567107602927617,,https://twitter.com/OxfordPolice/status/1206567107602927617,2.0,(4/4) We will have further information and a booking photo after he is booked.,OxfordPolice
71,2019-12-16 13:29:49+00:00,3.0,,,1206567106684358656,,https://twitter.com/OxfordPolice/status/1206567106684358656,2.0,(3/4) The OPD Crisis Negotiators were able to talk Jacobs safely out of the house at 6:40 AM. He was taken into custody without further incident. Jacobs has been charged with domestic violence – aggravated assault and is currently awaiting a bond hearing.,OxfordPolice
72,2019-12-16 13:29:49+00:00,4.0,,,1206567105841246208,,https://twitter.com/OxfordPolice/status/1206567105841246208,2.0,"(2/4) Around 2:00 AM, the suspect, Jodie Jacobs (36 of Oxford, MS) was located at his residence at Countryview Village off of Anchorage Road. Officers set up around the house and began negotiating his safe surrender.",OxfordPolice
73,2019-12-16 13:29:49+00:00,12.0,,,1206567104855580673,,https://twitter.com/OxfordPolice/status/1206567104855580673,4.0,"(1/4) On Monday, December 16, 2019, at approximately 1:30 AM, officers with OPD responded to the ER at Baptist Memorial Hospital – North Mississippi for a person who had a non-life threatening gunshot wound.",OxfordPolice
74,2019-12-15 08:07:17+00:00,1.0,,,1206123550190505984,,https://twitter.com/OxfordPolice/status/1206123550190505984,0.0,"01:58 Reported Accident at/near ARCHIVE APARTMENTS , 1000 , ARCHIVE CIRCLE",OxfordPolice
75,2019-12-15 07:50:17+00:00,2.0,,,1206119270423379974,,https://twitter.com/OxfordPolice/status/1206119270423379974,0.0,"01:38 Reported Accident at/near ARCHIVE APARTMENTS , 1000 , ARCHIVE CIRCLE",OxfordPolice
76,2019-12-15 06:59:16+00:00,2.0,,,1206106433105907717,,https://twitter.com/OxfordPolice/status/1206106433105907717,1.0,"00:51 Reported Accident at/near ROOSTERS BLUES HOUSE , 114 , COURTHOUSE SQUARE",OxfordPolice
77,2019-12-15 00:12:05+00:00,2.0,,,1206003961637019648,,https://twitter.com/OxfordPolice/status/1206003961637019648,0.0,pic.twitter.com/AS7uCv2w7y,OxfordPolice
78,2019-12-14 23:48:13+00:00,2.0,,,1205997954823311361,,https://twitter.com/OxfordPolice/status/1205997954823311361,0.0,"17:40 Reported Accident at/near , , US 278 WEST",OxfordPolice
79,2019-12-14 17:44:10+00:00,3.0,,,1205906338494197767,,https://twitter.com/OxfordPolice/status/1205906338494197767,1.0,"11:36 Reported Accident at/near CAR WASH USA , 1898 , JACKSON AVE WEST",OxfordPolice
80,2019-12-14 17:06:09+00:00,1.0,,,1205896772285022209,,https://twitter.com/OxfordPolice/status/1205896772285022209,0.0,"10:59 Reported Accident at/near , , WEST OXFORD LP",OxfordPolice
81,2019-12-14 09:43:20+00:00,2.0,,,1205785334522564608,,https://twitter.com/OxfordPolice/status/1205785334522564608,1.0,"03:34 Reported Accident at/near , , MIMOSA DR",OxfordPolice
82,2019-12-14 06:16:19+00:00,4.0,,,1205733234518188033,,https://twitter.com/OxfordPolice/status/1205733234518188033,1.0,"00:09 Reported Accident at/near Federal Building , 911 , JACKSON AVE EAST",OxfordPolice
83,2019-12-13 23:46:15+00:00,0.0,,,1205635074110230528,,https://twitter.com/OxfordPolice/status/1205635074110230528,0.0,"17:34 Reported Accident at/near , , US 278 WEST",OxfordPolice
84,2019-12-13 23:45:15+00:00,2.0,,,1205634821269180416,,https://twitter.com/OxfordPolice/status/1205634821269180416,0.0,"17:35 Reported Accident at/near BANCORP SOUTH , 501 , HERITAGE DR",OxfordPolice
85,2019-12-13 23:28:15+00:00,1.0,,,1205630541451665408,,https://twitter.com/OxfordPolice/status/1205630541451665408,0.0,"17:15 Reported Accident at/near , , MS HWY 7 SOUTH",OxfordPolice
86,2019-12-13 22:12:09+00:00,0.0,,,1205611393258532864,,https://twitter.com/OxfordPolice/status/1205611393258532864,0.0,"16:02 Reported Accident at/near MUGSHOTS , 1400 , MERCHANTS DRIVE",OxfordPolice
87,2019-12-13 21:32:09+00:00,0.0,,,1205601324487921664,,https://twitter.com/OxfordPolice/status/1205601324487921664,0.0,"15:24 Reported Accident at/near , , US 278 WEST",OxfordPolice
88,2019-12-13 18:50:07+00:00,1.0,,,1205560548923969536,,https://twitter.com/OxfordPolice/status/1205560548923969536,0.0,"12:43 Reported Accident at/near DOUBLE QUICK AMOCO , 1401 , JACKSON AVE WEST",OxfordPolice
89,2019-12-13 17:36:06+00:00,0.0,,,1205541923018199040,,https://twitter.com/OxfordPolice/status/1205541923018199040,0.0,"11:23 Reported Accident at/near WALMART , 2530 , JACKSON AVE WEST",OxfordPolice
90,2019-12-13 15:31:05+00:00,0.0,,,1205510459736154112,,https://twitter.com/OxfordPolice/status/1205510459736154112,0.0,"09:19 Reported Accident at/near STARBUCKS , 1804 , JACKSON AVE WEST",OxfordPolice
91,2019-12-13 10:00:14+00:00,1.0,,,1205427198968127493,,https://twitter.com/OxfordPolice/status/1205427198968127493,0.0,"03:52 Reported Accident at/near RETREAT AT OXFORD , 2405 , ANDERSON RD",OxfordPolice
92,2019-12-13 09:30:14+00:00,1.0,,,1205419647253786624,,https://twitter.com/OxfordPolice/status/1205419647253786624,0.0,"03:23 Reported Accident at/near THE HUB , 108 , ANCHORAGE RD",OxfordPolice
93,2019-12-13 08:43:13+00:00,1.0,,,1205407816732807168,,https://twitter.com/OxfordPolice/status/1205407816732807168,0.0,"02:34 Reported Accident at/near , , US 278 EAST",OxfordPolice
94,2019-12-13 06:54:12+00:00,1.0,,,1205380381555380224,,https://twitter.com/OxfordPolice/status/1205380381555380224,0.0,"00:42 Reported Accident at/near , , SOUTH LAMAR BLVD",OxfordPolice
95,2019-12-13 01:22:09+00:00,0.0,,,1205296819200307200,,https://twitter.com/OxfordPolice/status/1205296819200307200,0.0,"19:11 Reported Accident at/near DOUBLE QUICK AMOCO , 1401 , JACKSON AVE WEST",OxfordPolice
96,2019-12-12 20:41:44+00:00,8.0,,,1205226249423069184,,https://twitter.com/OxfordPolice/status/1205226249423069184,0.0,ICYMI:https://twitter.com/OxfordPolice/status/1205139730070851584 …,OxfordPolice
97,2019-12-12 20:33:07+00:00,0.0,,,1205224080695320578,,https://twitter.com/OxfordPolice/status/1205224080695320578,0.0,"14:21 Reported Accident at/near CAR MART , 2612 , JACKSON AVE WEST",OxfordPolice
98,2019-12-12 19:54:06+00:00,1.0,,,1205214263264067587,,https://twitter.com/OxfordPolice/status/1205214263264067587,0.0,"13:47 Reported Accident at/near RAYNER EYE CLINIC , 1308 , BELK BLVD",OxfordPolice
99,2019-12-12 18:21:49+00:00,2.0,,,1205191038824013831,,https://twitter.com/OxfordPolice/status/1205191038824013831,0.0,It's now been cleared.https://twitter.com/OleMiss_Logo/status/1205188959141269504 …,OxfordPolice
100,2019-12-12 18:02:04+00:00,0.0,,,1205186069387452416,,https://twitter.com/OxfordPolice/status/1205186069387452416,0.0,"11:54 Reported Accident at/near FIRST BAPTIST CHURCH , 800 , VAN BUREN AVE",OxfordPolice
101,2019-12-12 16:33:51+00:00,65.0,,,1205163867824889856,,https://twitter.com/OxfordPolice/status/1205163867824889856,21.0,"Wreck on South Lamar, please avoid the area if possible.pic.twitter.com/50IvZIUGet",OxfordPolice
102,2019-12-12 16:15:03+00:00,0.0,,,1205159136511627268,,https://twitter.com/OxfordPolice/status/1205159136511627268,0.0,"10:03 Reported Accident at/near , , SOUTH LAMAR BLVD",OxfordPolice
103,2019-12-12 14:57:56+00:00,28.0,,#LockOutCrimepic,1205139730070851584,@OleMissRebels,https://twitter.com/OxfordPolice/status/1205139730070851584,10.0,Lock Out Crime! 80% of burglaries in Oxford come from unlocked property! All @OleMissRebels students keep these tips in mind while leaving for winter break. #LockOutCrimepic.twitter.com/gHmvGVxAux,OxfordPolice
104,2019-12-12 13:28:02+00:00,0.0,,,1205117103059148800,,https://twitter.com/OxfordPolice/status/1205117103059148800,0.0,"07:19 Reported Accident at/near LOST PIZZA COMPANY , 800 , COLLEGE HILL RD",OxfordPolice
105,2019-12-12 01:34:38+00:00,1.0,,,1204937571115110400,,https://twitter.com/OxfordPolice/status/1204937571115110400,0.0,pic.twitter.com/cOoeMEHGbs,OxfordPolice
106,2019-12-11 19:18:53+00:00,20.0,,,1204843011546460161,,https://twitter.com/OxfordPolice/status/1204843011546460161,0.0,https://twitter.com/OxfordPolice/status/1204842058852245508?s=20 …,OxfordPolice
107,2019-12-11 19:15:06+00:00,62.0,,,1204842058852245508,,https://twitter.com/OxfordPolice/status/1204842058852245508,3.0,UPDATE: Badges has been located and is safe. He's been trying to decorate the OPD Christmas tree! It's not going so well..pic.twitter.com/TjmhLvc6AQ,OxfordPolice
108,2019-12-11 18:44:07+00:00,1.0,,,1204834261485989888,,https://twitter.com/OxfordPolice/status/1204834261485989888,0.0,"12:34 Reported Accident at/near WENDY'S , 703 , SISK AVE",OxfordPolice
109,2019-12-11 15:43:15+00:00,1.0,,,1204788743984562177,,https://twitter.com/OxfordPolice/status/1204788743984562177,0.0,"Our crime report from Tuesday, December 10th:pic.twitter.com/a46ZzYiyDL",OxfordPolice
110,2019-12-11 14:25:29+00:00,25.0,,,1204769172972027905,,https://twitter.com/OxfordPolice/status/1204769172972027905,0.0,https://twitter.com/OxfordPolice/status/1204768154196566016?s=20 …,OxfordPolice
111,2019-12-11 14:21:26+00:00,33.0,,#WheresDavidDatunapic,1204768154196566016,,https://twitter.com/OxfordPolice/status/1204768154196566016,1.0,Badges wasn't on the wall this morning.... #WheresDavidDatunapic.twitter.com/I6na9MRhvW,OxfordPolice
112,2019-12-11 13:54:05+00:00,0.0,,,1204761271347888128,,https://twitter.com/OxfordPolice/status/1204761271347888128,0.0,"07:44 Reported Accident at/near BLUE SKY , 201 , THACKER ROAD",OxfordPolice
113,2019-12-11 13:49:36+00:00,221.0,,#RunningSanta #WeGetToLiveHerepic,1204760145064079360,,https://twitter.com/OxfordPolice/status/1204760145064079360,27.0,#RunningSanta is a great Oxford tradition. #WeGetToLiveHerepic.twitter.com/YPXEVWwYKU,OxfordPolice
114,2019-12-11 13:10:04+00:00,0.0,,,1204750193666772993,,https://twitter.com/OxfordPolice/status/1204750193666772993,0.0,"07:00 Reported Accident at/near , , US 278 EAST",OxfordPolice
115,2019-12-11 12:07:36+00:00,39.0,,,1204734474115780608,,https://twitter.com/OxfordPolice/status/1204734474115780608,7.0,"Officers are reporting that road conditions are dry in most areas. However, use caution when approaching bridges especially on bridges outside of the city limits.pic.twitter.com/8sNnP7DrqU",OxfordPolice
116,2019-12-11 01:21:09+00:00,0.0,,,1204571789331968003,,https://twitter.com/OxfordPolice/status/1204571789331968003,0.0,"19:13 Reported Accident at/near NOODLE BOWL , 1501 , JACKSON AVE WEST",OxfordPolice
117,2019-12-10 23:20:06+00:00,0.0,,,1204541326274023424,,https://twitter.com/OxfordPolice/status/1204541326274023424,0.0,"17:13 Reported Accident at/near , , JACKSON AVE WEST",OxfordPolice
118,2019-12-10 22:41:05+00:00,0.0,,,1204531509350273030,,https://twitter.com/OxfordPolice/status/1204531509350273030,0.0,"16:29 Reported Accident at/near OBY'S , 1931 , UNIVERSITY AVE",OxfordPolice
119,2019-12-10 22:39:18+00:00,23.0,,,1204531059485839360,,https://twitter.com/OxfordPolice/status/1204531059485839360,0.0,We promise we aren't letting David Datuna get anywhere near Badges.https://twitter.com/mik_azy/status/1204530528617148418 …,OxfordPolice
120,2019-12-10 22:35:05+00:00,0.0,,,1204529998092263428,,https://twitter.com/OxfordPolice/status/1204529998092263428,0.0,"16:27 Reported Accident at/near , , UNIVERSITY AVE",OxfordPolice
121,2019-12-10 22:21:15+00:00,2.0,,,1204526517981712384,,https://twitter.com/OxfordPolice/status/1204526517981712384,0.0,pic.twitter.com/IdwrQ0cmFZ,OxfordPolice
122,2019-12-10 22:15:48+00:00,26.0,,,1204525146960269312,,https://twitter.com/OxfordPolice/status/1204525146960269312,0.0,https://twitter.com/omw2innisfree/status/1204519129530748929 …pic.twitter.com/VUKpKZSGOb,OxfordPolice
123,2019-12-10 22:01:04+00:00,0.0,,,1204521439577202688,,https://twitter.com/OxfordPolice/status/1204521439577202688,0.0,"15:54 Reported Accident at/near OXFORD HIGH SCHOOL , 101 , CHARGER LOOP",OxfordPolice
124,2019-12-10 21:22:59+00:00,401.0,,,1204511856519471104,,https://twitter.com/OxfordPolice/status/1204511856519471104,20.0,Badges has really been getting into modern art lately...pic.twitter.com/O91DZQhLNm,OxfordPolice
125,2019-12-10 20:29:03+00:00,0.0,,,1204498282803793928,,https://twitter.com/OxfordPolice/status/1204498282803793928,1.0,"14:20 Reported Accident at/near , , JACKSON AVE WEST",OxfordPolice
126,2019-12-10 20:29:03+00:00,0.0,,,1204498282166312962,,https://twitter.com/OxfordPolice/status/1204498282166312962,1.0,"14:20 Reported Accident at/near CHICK-FIL-A , 2307 , JACKSON AVE WEST",OxfordPolice
127,2019-12-10 18:57:02+00:00,0.0,,,1204475124461776896,,https://twitter.com/OxfordPolice/status/1204475124461776896,0.0,"12:47 Reported Accident at/near DOUBLE QUICK AMOCO , 1401 , JACKSON AVE WEST",OxfordPolice
128,2019-12-10 18:46:36+00:00,448.0,,#milkandbread #SnowedInhttps,1204472501138608129,,https://twitter.com/OxfordPolice/status/1204472501138608129,50.0,#milkandbread #SnowedInhttps://twitter.com/OleMissPix/status/1204472257961021440 …,OxfordPolice
129,2019-12-10 18:10:01+00:00,0.0,,#82001,1204463294075064325,,https://twitter.com/OxfordPolice/status/1204463294075064325,0.0,"12:01 Reported Accident at/near APPLEBEE'S BAR & GRILL #82001 , 1931 , JACKSON AVE WEST",OxfordPolice
130,2019-12-10 16:47:42+00:00,93.0,,#MississippiWeatherpic,1204442576117542918,,https://twitter.com/OxfordPolice/status/1204442576117542918,10.0,Nearly 70° yesterday and snowing today. #MississippiWeatherpic.twitter.com/HEZ8QQdnaU – at Oxford Police Department,OxfordPolice
131,2019-12-10 16:33:00+00:00,1.0,,,1204438879455059968,,https://twitter.com/OxfordPolice/status/1204438879455059968,0.0,"10:24 Reported Accident at/near , 187 , PEGUES RD",OxfordPolice
132,2019-12-10 16:12:54+00:00,1.0,,,1204433818083643392,,https://twitter.com/OxfordPolice/status/1204433818083643392,0.0,pic.twitter.com/HdZOz5k11J,OxfordPolice
133,2019-12-10 14:43:07+00:00,2.0,,,1204411222940098560,,https://twitter.com/OxfordPolice/status/1204411222940098560,0.0,"Our crime report from Monday, December 9th:pic.twitter.com/L6asdTv9eU",OxfordPolice
134,2019-12-10 13:33:59+00:00,1.0,,,1204393825239814144,,https://twitter.com/OxfordPolice/status/1204393825239814144,1.0,"07:21 Reported Accident at/near OXFORD TOYOTA , 447 , US 278 WEST",OxfordPolice
135,2019-12-10 05:29:09+00:00,1.0,,,1204271814458978305,,https://twitter.com/OxfordPolice/status/1204271814458978305,0.0,"23:17 Reported Accident at/near , , MS HWY 7 NORTH",OxfordPolice
136,2019-12-10 03:30:40+00:00,23.0,,,1204241998250741761,,https://twitter.com/OxfordPolice/status/1204241998250741761,0.0,Deserves a to the city,OxfordPolice
137,2019-12-10 01:49:36+00:00,1.0,,,1204216564398141441,,https://twitter.com/OxfordPolice/status/1204216564398141441,0.0,pic.twitter.com/U3OmVBWjs6,OxfordPolice
138,2019-12-10 01:13:07+00:00,1.0,,,1204207381770579970,,https://twitter.com/OxfordPolice/status/1204207381770579970,0.0,"19:02 Reported Accident at/near OXFORD ACTIVITY CENTER , , MOLLY BARR RD",OxfordPolice
139,2019-12-09 23:36:06+00:00,1.0,,,1204182965439193088,,https://twitter.com/OxfordPolice/status/1204182965439193088,0.0,"17:24 Reported Accident at/near , , MS HWY 7 SOUTH",OxfordPolice
140,2019-12-09 23:18:05+00:00,0.0,,,1204178433510715401,,https://twitter.com/OxfordPolice/status/1204178433510715401,0.0,"17:07 Reported Accident at/near , , GERTRUDE FORD",OxfordPolice
141,2019-12-09 21:51:51+00:00,1.0,,,1204156731858784258,,https://twitter.com/OxfordPolice/status/1204156731858784258,0.0,pic.twitter.com/5gi059yrKB,OxfordPolice
142,2019-12-09 21:48:32+00:00,4.0,,,1204155894910484480,,https://twitter.com/OxfordPolice/status/1204155894910484480,1.0,How could you?pic.twitter.com/QeU75kNQ8D,OxfordPolice
143,2019-12-09 20:08:04+00:00,0.0,,,1204130611767717888,,https://twitter.com/OxfordPolice/status/1204130611767717888,0.0,"13:58 Reported Accident at/near KROGER , 2013 , UNIVERSITY AVE",OxfordPolice
144,2019-12-09 18:48:25+00:00,84.0,,,1204110567323176960,@Lane_Kiffin,https://twitter.com/OxfordPolice/status/1204110567323176960,3.0,Badges came to the Pavilion to help welcome @Lane_Kiffin to Oxford! pic.twitter.com/XYpG63IH5f – at The Pavilion at Ole Miss,OxfordPolice
145,2019-12-09 16:01:02+00:00,0.0,,,1204068443227672577,,https://twitter.com/OxfordPolice/status/1204068443227672577,0.0,"09:49 Reported Accident at/near ALFA INSURANCE , 2621 , WEST OXFORD LP",OxfordPolice
146,2019-12-09 15:48:30+00:00,4.0,,,1204065290612563970,@oxfordpolice,https://twitter.com/OxfordPolice/status/1204065290612563970,4.0,If you or someone you know has video of these males and wish to share please contact Detective Carver at 662-234-7962 at Criminal Investigations or the Police Department at 662-232-2400 or email rcarver@oxfordpolice.net (2/2),OxfordPolice
147,2019-12-09 15:47:07+00:00,6.0,,,1204064942200098816,,https://twitter.com/OxfordPolice/status/1204064942200098816,7.0,"We've had several auto burglaries reported this morning from the Chinkapin Loop area, Mondrian, and the Links. We are hoping to obtain a video of these suspects as witnesses reported seeing 3 males walking house to house at 5 AM pulling door handles of cars. (1/2)",OxfordPolice
148,2019-12-09 15:21:12+00:00,5.0,,,1204058419600265216,,https://twitter.com/OxfordPolice/status/1204058419600265216,0.0,"Our crime report from the weekend, December 6th - 8th:pic.twitter.com/VnXIeUNdh8",OxfordPolice
149,2019-12-09 14:51:00+00:00,0.0,,,1204050821849264128,,https://twitter.com/OxfordPolice/status/1204050821849264128,0.0,"08:42 Reported Accident at/near KROGER , 2013 , UNIVERSITY AVE",OxfordPolice
150,2019-12-09 14:31:14+00:00,0.0,,,1204045844800057344,,https://twitter.com/OxfordPolice/status/1204045844800057344,1.0,please give us a call at 662-232-2400 or Criminal Investigations at 662-234-7962 and ask for Investigator Baker. (2/2),OxfordPolice
151,2019-12-09 14:31:13+00:00,10.0,,,1204045841872367616,,https://twitter.com/OxfordPolice/status/1204045841872367616,9.0,"We are requesting your help to gather information regarding a burglary case at the Salvation Army. Anybody that has any information on the silver Chevrolet Avalanche seen driving across the screen in this video, or the burglary itself... (1/2)pic.twitter.com/sUY9vICVXm",OxfordPolice
152,2019-12-09 14:04:20+00:00,60.0,,#FinalsWeek,1204039078158782464,,https://twitter.com/OxfordPolice/status/1204039078158782464,4.0,"Good luck to all the students out there during #FinalsWeek, finish strong! pic.twitter.com/TMggxvs88D",OxfordPolice
153,2019-12-09 04:35:10+00:00,610.0,,#FinalsWeek,1203895840974233602,,https://twitter.com/OxfordPolice/status/1203895840974233602,34.0,It’s #FinalsWeek when these are the tweets you get tagged inhttps://twitter.com/ZM7_18/status/1203884975210274816 …,OxfordPolice
154,2019-12-09 01:25:05+00:00,1.0,,,1203848006874943488,,https://twitter.com/OxfordPolice/status/1203848006874943488,0.0,"19:15 Reported Accident at/near TUESDAY MORNING , 1925 , UNIVERSITY AVE",OxfordPolice
155,2019-12-09 00:27:05+00:00,1.0,,,1203833408000004097,,https://twitter.com/OxfordPolice/status/1203833408000004097,0.0,"18:18 Reported Accident at/near POWERHOUSE , 413 , SOUTH 14TH ST",OxfordPolice
156,2019-12-08 23:50:04+00:00,1.0,,,1203824094472486913,,https://twitter.com/OxfordPolice/status/1203824094472486913,0.0,"17:42 Reported Accident at/near SONIC DRIVE IN , 2000 , JACKSON AVE WEST",OxfordPolice
157,2019-12-08 17:32:01+00:00,0.0,,,1203728953736867840,,https://twitter.com/OxfordPolice/status/1203728953736867840,0.0,"11:23 Reported Accident at/near , , SISK AVE",OxfordPolice
158,2019-12-08 03:19:07+00:00,1.0,,,1203514312859553792,,https://twitter.com/OxfordPolice/status/1203514312859553792,1.0,"21:06 Reported Accident at/near , , NORTH LAMAR BLVD",OxfordPolice
159,2019-12-08 02:07:06+00:00,2.0,,,1203496190299521024,,https://twitter.com/OxfordPolice/status/1203496190299521024,0.0,"19:58 Reported Accident at/near , , VANDORN ST",OxfordPolice
160,2019-12-07 18:15:02+00:00,1.0,,,1203377391487336448,,https://twitter.com/OxfordPolice/status/1203377391487336448,0.0,"12:08 Reported Accident at/near , 1013 , JACKSON AVE EAST",OxfordPolice
161,2019-12-07 17:17:00+00:00,1.0,,,1203362787361280000,,https://twitter.com/OxfordPolice/status/1203362787361280000,0.0,"11:05 Reported Accident at/near , 501 , DONNA COVE",OxfordPolice
162,2019-12-07 15:48:16+00:00,9.0,,,1203340458480549895,,https://twitter.com/OxfordPolice/status/1203340458480549895,0.0,Come take a with us and enjoy a cup of hot cocoa! pic.twitter.com/0nT1ri4MhU,OxfordPolice
163,2019-12-07 14:56:26+00:00,15.0,,,1203327410772598785,,https://twitter.com/OxfordPolice/status/1203327410772598785,1.0,GO AUBREY!!!!https://twitter.com/JakeThompsonOE/status/1202613549023019008 …,OxfordPolice
164,2019-12-07 03:51:31+00:00,326.0,,,1203160081757614080,@ohschargers @chriscutcliffe,https://twitter.com/OxfordPolice/status/1203160081757614080,16.0,Congrats @ohschargers and @chriscutcliffe https://twitter.com/nategabler/status/1203158443978371072 …,OxfordPolice
165,2019-12-07 00:28:07+00:00,1.0,,,1203108894182182913,,https://twitter.com/OxfordPolice/status/1203108894182182913,0.0,"18:15 Reported Accident at/near , , CHEROKEE DR",OxfordPolice
166,2019-12-06 23:03:06+00:00,1.0,,,1203087498483785729,,https://twitter.com/OxfordPolice/status/1203087498483785729,0.0,"16:53 Reported Accident at/near REBEL REBUILDING , 2208 , UNIVERSITY AVE",OxfordPolice
167,2019-12-06 21:55:59+00:00,0.0,,,1203070607727960064,,https://twitter.com/OxfordPolice/status/1203070607727960064,0.0,It is for elves!,OxfordPolice
168,2019-12-06 21:36:46+00:00,83.0,,,1203065772005834754,,https://twitter.com/OxfordPolice/status/1203065772005834754,5.0,Badges is ready to go for a ride with patrol! pic.twitter.com/jDt9wjcRN4,OxfordPolice
169,2019-12-06 21:23:05+00:00,0.0,,,1203062328322859016,,https://twitter.com/OxfordPolice/status/1203062328322859016,0.0,"15:14 Reported Accident at/near , , US 278 EAST",OxfordPolice
170,2019-12-06 20:10:04+00:00,1.0,,,1203043951814549505,,https://twitter.com/OxfordPolice/status/1203043951814549505,0.0,"14:00 Reported Accident at/near WALMART , 2530 , JACKSON AVE WEST",OxfordPolice
171,2019-12-06 19:54:03+00:00,0.0,,,1203039923839877120,,https://twitter.com/OxfordPolice/status/1203039923839877120,0.0,"13:46 Reported Accident at/near , , US 278 WEST",OxfordPolice
172,2019-12-06 19:10:03+00:00,0.0,,,1203028848557862912,,https://twitter.com/OxfordPolice/status/1203028848557862912,0.0,"12:59 Reported Accident at/near FLATTS AT SOUTH CAMPUS , 900 , WHIRLPOOL DR",OxfordPolice
173,2019-12-06 17:47:02+00:00,0.0,,,1203007957576929287,,https://twitter.com/OxfordPolice/status/1203007957576929287,0.0,"11:40 Reported Accident at/near , , JACKSON AVE WEST",OxfordPolice
174,2019-12-06 16:04:01+00:00,0.0,,,1202982032764260353,,https://twitter.com/OxfordPolice/status/1202982032764260353,0.0,"09:56 Reported Accident at/near , , US 278 WEST",OxfordPolice
175,2019-12-06 15:04:00+00:00,0.0,,,1202966929209806849,,https://twitter.com/OxfordPolice/status/1202966929209806849,0.0,"08:53 Reported Accident at/near , , US 278 WEST",OxfordPolice
176,2019-12-06 13:28:59+00:00,0.0,,,1202943016916402176,,https://twitter.com/OxfordPolice/status/1202943016916402176,0.0,"07:21 Reported Accident at/near , , US 278 WEST",OxfordPolice
177,2019-12-06 02:15:18+00:00,30.0,,,1202773480367960064,,https://twitter.com/OxfordPolice/status/1202773480367960064,3.0,Great training tonight at our free women's self-defense class! pic.twitter.com/lvnQHoKUWe,OxfordPolice
178,2019-12-06 01:03:08+00:00,0.0,,,1202755316372377601,,https://twitter.com/OxfordPolice/status/1202755316372377601,0.0,"18:52 Reported Accident at/near , , OLD TAYLOR RD",OxfordPolice
179,2019-12-05 22:48:01+00:00,1.0,,,1202721314307497984,,https://twitter.com/OxfordPolice/status/1202721314307497984,0.0,"Thank you, we have contacted Oxford utilities. They have crews working now.",OxfordPolice
180,2019-12-05 19:18:49+00:00,18.0,,,1202668666543902720,@cityofoxford,https://twitter.com/OxfordPolice/status/1202668666543902720,3.0,"The @cityofoxford Christmas Parade was great, as always!! pic.twitter.com/Z7tBh9bITm",OxfordPolice
181,2019-12-05 19:07:05+00:00,0.0,,,1202665713112096768,,https://twitter.com/OxfordPolice/status/1202665713112096768,0.0,"13:00 Reported Accident at/near TAYLOR BEND , 2493 , OLD TAYLOR RD",OxfordPolice
182,2019-12-05 17:44:04+00:00,0.0,,,1202644822202470403,,https://twitter.com/OxfordPolice/status/1202644822202470403,0.0,"11:36 Reported Accident at/near OXFORD HIGH SCHOOL , 101 , CHARGER LOOP",OxfordPolice
183,2019-12-05 16:45:03+00:00,0.0,,,1202629971702890496,,https://twitter.com/OxfordPolice/status/1202629971702890496,0.0,"10:33 Reported Accident at/near , 1171 , FRONTAGE RD",OxfordPolice
184,2019-12-05 16:30:58+00:00,45.0,,,1202626427646103552,,https://twitter.com/OxfordPolice/status/1202626427646103552,1.0,"Badges has made his return! He brought a birthday balloon for Terry, one of our communications officers! Happy birthday Terry! pic.twitter.com/IeYVJCwMvo",OxfordPolice
185,2019-12-05 15:57:03+00:00,0.0,,,1202617889305583622,,https://twitter.com/OxfordPolice/status/1202617889305583622,0.0,"09:48 Reported Accident at/near , 2653 , WEST OXFORD LP",OxfordPolice
186,2019-12-05 14:57:02+00:00,0.0,,,1202602785868582915,,https://twitter.com/OxfordPolice/status/1202602785868582915,1.0,"08:50 Reported Accident at/near LYRIC OXFORD LLC , 1006 , VAN BUREN AVE",OxfordPolice
187,2019-12-04 22:45:04+00:00,1.0,,,1202358185769807873,,https://twitter.com/OxfordPolice/status/1202358185769807873,0.0,"16:36 Reported Accident at/near NORTH MS REGIONAL CENTER , 967 , REGIONAL CENTER DR",OxfordPolice
188,2019-12-04 21:08:03+00:00,0.0,,,1202333770910765056,,https://twitter.com/OxfordPolice/status/1202333770910765056,1.0,"15:00 Reported Accident at/near BMH -- BAPTIST MEMORIAL HOSPITAL-NORTH MS , 1100 , BELK EXT",OxfordPolice
189,2019-12-04 20:11:03+00:00,1.0,,#3339,1202319422582673411,,https://twitter.com/OxfordPolice/status/1202319422582673411,0.0,"13:57 Reported Accident at/near IHOP #3339 , 2152 , JACKSON AVE WEST",OxfordPolice
190,2019-12-04 20:10:02+00:00,0.0,,,1202319169183735808,,https://twitter.com/OxfordPolice/status/1202319169183735808,0.0,"14:00 Reported Accident at/near , , US 278 EAST",OxfordPolice
191,2019-12-04 20:10:02+00:00,0.0,,,1202319168147804161,,https://twitter.com/OxfordPolice/status/1202319168147804161,0.0,"14:00 Reported Accident at/near , , US 278 WEST",OxfordPolice
192,2019-12-04 19:34:21+00:00,0.0,,,1202310189447360513,,https://twitter.com/OxfordPolice/status/1202310189447360513,0.0,"Our crime report from Tuesday, December 3rd:pic.twitter.com/NFwiD7tMIr",OxfordPolice
193,2019-12-04 18:39:01+00:00,1.0,,,1202296263468822530,,https://twitter.com/OxfordPolice/status/1202296263468822530,0.0,"12:27 Reported Accident at/near MS FEDERAL CREDIT UNION , 1101 , JACKSON AVE WEST",OxfordPolice
194,2019-12-04 14:40:59+00:00,0.0,,,1202236359601197057,,https://twitter.com/OxfordPolice/status/1202236359601197057,0.0,"08:32 Reported Accident at/near , , CR 414",OxfordPolice
195,2019-12-04 14:23:58+00:00,1.0,,,1202232079506968577,,https://twitter.com/OxfordPolice/status/1202232079506968577,1.0,"08:17 Reported Accident at/near , , MS HWY 7 SOUTH",OxfordPolice
196,2019-12-04 13:40:58+00:00,1.0,,,1202221254926905344,,https://twitter.com/OxfordPolice/status/1202221254926905344,0.0,"07:29 Reported Accident at/near OXFORD HIGH SCHOOL , 101 , CHARGER LOOP",OxfordPolice
197,2019-12-04 00:49:23+00:00,19.0,,,1202027082831859713,@OleMissPolicepic,https://twitter.com/OxfordPolice/status/1202027082831859713,0.0,@OleMissPolicepic.twitter.com/2As9QeJGau,OxfordPolice
198,2019-12-04 00:12:02+00:00,2.0,,,1202017683585355777,,https://twitter.com/OxfordPolice/status/1202017683585355777,0.0,"18:04 Reported Accident at/near , , JACKSON AVE EAST",OxfordPolice
199,2019-12-03 22:03:01+00:00,0.0,,,1201985213242449922,,https://twitter.com/OxfordPolice/status/1201985213242449922,0.0,"15:56 Reported Accident at/near , , MS HWY 7 NORTH",OxfordPolice
200,2019-12-03 20:51:29+00:00,17.0,,,1201967212443185153,,https://twitter.com/OxfordPolice/status/1201967212443185153,0.0,"You may not can hear the sleigh bells ringing yet, but you might have heard us pic.twitter.com/m47sqsUJdZ",OxfordPolice
201,2019-12-03 20:47:28+00:00,39.0,,#BlackFriday,1201966200156295171,,https://twitter.com/OxfordPolice/status/1201966200156295171,10.0,"A lot of #BlackFriday packages are being delivered this week. Problem is thieves know this as well. Make sure you are home for your deliveries or have someone you know get them. And as always, if you see something suspicious please give us a call.",OxfordPolice
202,2019-12-03 19:17:59+00:00,1.0,,,1201943683668553728,,https://twitter.com/OxfordPolice/status/1201943683668553728,0.0,"13:07 Reported Accident at/near DOUBLE QUICK AMOCO , 1401 , JACKSON AVE WEST",OxfordPolice
203,2019-12-03 18:49:59+00:00,1.0,,,1201936634981371904,,https://twitter.com/OxfordPolice/status/1201936634981371904,0.0,"12:39 Reported Accident at/near , , US 278 EAST",OxfordPolice
204,2019-12-03 17:41:58+00:00,1.0,,,1201919518639083521,,https://twitter.com/OxfordPolice/status/1201919518639083521,0.0,"11:31 Reported Accident at/near NORTHEAST POWER , 10 , PR 2050",OxfordPolice
205,2019-12-03 16:55:08+00:00,0.0,,,1201907733454299137,,https://twitter.com/OxfordPolice/status/1201907733454299137,0.0,"Our crime report from Monday, December 2nd:pic.twitter.com/0mRYRwQsiU",OxfordPolice
206,2019-12-03 16:46:31+00:00,8.0,,,1201905564571320320,,https://twitter.com/OxfordPolice/status/1201905564571320320,5.0,"We have another free women's self-defense class THIS Thursday night!! It's for women ages 15 and up, no sign-up! Just come to the OPD training building in some workout type clothing.pic.twitter.com/zCug7b8X2S",OxfordPolice
207,2019-12-03 16:17:31+00:00,50.0,,,1201898266209730561,,https://twitter.com/OxfordPolice/status/1201898266209730561,1.0,We had a blast at the Christmas parade last night!! pic.twitter.com/XEItsTa4DR,OxfordPolice
208,2019-12-03 15:53:25+00:00,2.0,,,1201892201757839362,,https://twitter.com/OxfordPolice/status/1201892201757839362,2.0,Reminder about roadwork occurring in the city the next few days:https://twitter.com/cityofoxford/status/1201517283056721922 …,OxfordPolice
209,2019-12-03 14:34:56+00:00,2.0,,,1201872451455635465,,https://twitter.com/OxfordPolice/status/1201872451455635465,0.0,"08:26 Reported Accident at/near POPEYES , 2624 , JACKSON AVE WEST",OxfordPolice
210,2019-12-03 06:24:05+00:00,2.0,,,1201748925406949379,,https://twitter.com/OxfordPolice/status/1201748925406949379,0.0,"00:16 Reported Accident at/near , , JACKSON AVE WEST",OxfordPolice
211,2019-12-03 01:40:58+00:00,40.0,,#MerryChristmas,1201677675372384256,,https://twitter.com/OxfordPolice/status/1201677675372384256,2.0,The Oxford Christmas Parade has ended! Thank you all for a great turn out. Please drive safety and watch out for people walking. #MerryChristmas,OxfordPolice
212,2019-12-03 00:59:51+00:00,0.0,,,1201667328024481792,,https://twitter.com/OxfordPolice/status/1201667328024481792,0.0,It should be over by 8,OxfordPolice
213,2019-12-03 00:34:54+00:00,9.0,,,1201661046827704320,,https://twitter.com/OxfordPolice/status/1201661046827704320,0.0,The Christmas Parade has started,OxfordPolice
214,2019-12-03 00:05:35+00:00,7.0,,#ChristmasParade,1201653669676146689,,https://twitter.com/OxfordPolice/status/1201653669676146689,1.0,Traffic is extremely heavy around the beginning of the parade route all the way around the Square. Unless you are coming to the parade you may want to detour. #ChristmasParade,OxfordPolice
215,2019-12-02 23:27:02+00:00,1.0,,,1201643970130071552,,https://twitter.com/OxfordPolice/status/1201643970130071552,0.0,"17:14 Reported Accident at/near NORTHEAST POWER , , MS HWY 30 EAST",OxfordPolice
216,2019-12-02 23:22:02+00:00,1.0,,,1201642710198882304,,https://twitter.com/OxfordPolice/status/1201642710198882304,0.0,"17:11 Reported Accident at/near MARQUIS CHEVRON , 2100 , SOUTH LAMAR BLVD",OxfordPolice
217,2019-12-02 23:16:01+00:00,1.0,,,1201641199062454272,,https://twitter.com/OxfordPolice/status/1201641199062454272,0.0,"17:07 Reported Accident at/near LENNY'S SUB SHOP , 2580 , JACKSON AVE WEST",OxfordPolice
218,2019-12-02 22:13:01+00:00,1.0,,,1201625341518848000,,https://twitter.com/OxfordPolice/status/1201625341518848000,0.0,"16:03 Reported Accident at/near CHEVRON -- COCOMO'S CHEVRON , 2625 , JACKSON AVE WEST",OxfordPolice
219,2019-12-02 20:32:31+00:00,0.0,,,1201600052239765504,,https://twitter.com/OxfordPolice/status/1201600052239765504,0.0,It usually goes until around 8 o'clock.,OxfordPolice
220,2019-12-02 20:09:13+00:00,3.0,,,1201594186291699712,,https://twitter.com/OxfordPolice/status/1201594186291699712,3.0,"If you drive on Van Buren Ave. towards the Square, you will be redirected onto the South 11th St. alley next to the Library to Jackson Ave. If you come up East Jackson towards the Square, you will be redirected onto North 13th St. North Lamar will be blocked off at Price St.",OxfordPolice
221,2019-12-02 20:09:12+00:00,3.0,,,1201594185364705281,,https://twitter.com/OxfordPolice/status/1201594185364705281,3.0,"If you are coming up University towards the Square during the parade, you will be redirected onto S. 13th behind Bancorp South Bank. If you are coming up South Lamar towards the Square, you will be redirected onto Taylor Avenue.",OxfordPolice
222,2019-12-02 20:09:12+00:00,1.0,,,1201594184131588096,,https://twitter.com/OxfordPolice/status/1201594184131588096,1.0,"Traffic in the lineup staging area on University, between 5th and Old Taylor, will be shut down starting at 3PM. The other blocked off areas for the parade route will be shut down as the parade begins at 6:30.",OxfordPolice
223,2019-12-02 20:09:11+00:00,19.0,,,1201594180742582272,,https://twitter.com/OxfordPolice/status/1201594180742582272,8.0,Tonight at 6:30 is the annual Christmas Parade! Here is a map marking the parade route. The parade will start on University Ave. between 5th and Old Taylor and end at the new activity center on Price Street.pic.twitter.com/T1zwxLb0Hd,OxfordPolice
224,2019-12-02 20:03:59+00:00,1.0,,,1201592871196995589,,https://twitter.com/OxfordPolice/status/1201592871196995589,0.0,"13:54 Reported Accident at/near , 120 , ROBIN CIRCLE",OxfordPolice
225,2019-12-02 19:03:27+00:00,3.0,,,1201577635144441856,,https://twitter.com/OxfordPolice/status/1201577635144441856,0.0,pic.twitter.com/BzzEXK9bsh,OxfordPolice
226,2019-12-02 16:26:05+00:00,1.0,,,1201538034463850499,,https://twitter.com/OxfordPolice/status/1201538034463850499,0.0,"Our crime report from Wednesday, Nov. 27th - Sunday, December 1st:pic.twitter.com/a0suJttTsW",OxfordPolice
227,2019-12-02 16:08:57+00:00,0.0,,,1201533723625369600,,https://twitter.com/OxfordPolice/status/1201533723625369600,0.0,"10:00 Reported Accident at/near REBEL RAGS , 2302 , JACKSON AVE WEST",OxfordPolice
228,2019-12-02 13:43:56+00:00,0.0,,,1201497227891552256,,https://twitter.com/OxfordPolice/status/1201497227891552256,0.0,"07:35 Reported Accident at/near COLEMAN FUNERAL HOME , 601 , COMMERCE DR",OxfordPolice
229,2019-12-02 13:22:55+00:00,0.0,,,1201491940447010817,,https://twitter.com/OxfordPolice/status/1201491940447010817,0.0,"07:14 Reported Accident at/near , , ASH DRIVE",OxfordPolice
230,2019-12-02 02:06:04+00:00,2.0,,,1201321603444989957,,https://twitter.com/OxfordPolice/status/1201321603444989957,0.0,"19:57 Reported Accident at/near WARDS SHORT STOP , 2502 , OLD TAYLOR RD",OxfordPolice
231,2019-12-02 00:13:02+00:00,1.0,,,1201293160128950272,,https://twitter.com/OxfordPolice/status/1201293160128950272,0.0,"18:02 Reported Accident at/near DOUBLE QUICK AMOCO , 1401 , JACKSON AVE WEST",OxfordPolice
232,2019-12-01 22:16:01+00:00,1.0,,,1201263710792298497,,https://twitter.com/OxfordPolice/status/1201263710792298497,0.0,"16:06 Reported Accident at/near , , US 278 WEST",OxfordPolice
233,2019-12-01 02:51:05+00:00,1.0,,,1200970543282999296,,https://twitter.com/OxfordPolice/status/1200970543282999296,0.0,"20:43 Reported Accident at/near , , US 278 EAST",OxfordPolice
234,2019-12-01 00:46:04+00:00,2.0,,,1200939081515044864,@278,https://twitter.com/OxfordPolice/status/1200939081515044864,0.0,"18:37 Reported Accident at/near JACKSON AVE @278 , , JACKSON AVE WEST",OxfordPolice
